Feature,Mean_Absolute_SHAP
lag_1,144.98496312215977
demand_change_1,41.50466399488047
lag_168,16.60502307495706
lag_48,0.21808730584749256
lag_2,0.15595629562096827
demand_change_24,0.13794669154925077
rolling_mean_12,0.08741369732448512
rolling_mean_6,0.08393868984812533
lag_24,0.07844597083503331
T2M_dav,0.038532559255906804
lag_12,0.03576325544512898
lag_3,0.035312190689946975
lag_6,0.03022055129826105
holiday,0.014060300001052198
rolling_mean_24,0.01281146193071406
rolling_std_24,0.011915320768882827
T2M_toc,0.011549203761296816
QV2M_dav,0.00949272775127955
T2M_san,0.009117127100260133
QV2M_san,0.008938785773414984
QV2M_toc,0.007297137474499196
W2M_dav,0.006681432265332881
W2M_toc,0.0060193595231485255
TQL_san,0.005698737268967118
W2M_san,0.005264379562017901
TQL_toc,0.004950766631547837
TQL_dav,0.004522270985729672
Holiday_ID,0.0011625279285928166
school,0.0006976961187184491
